ILOCOS_NORTE,ADAMS
ILOCOS_NORTE,BACARRA
ILOCOS_NORTE,BADOC
ILOCOS_NORTE,BANGUI
ILOCOS_NORTE,CITY_OF_BATAC
ILOCOS_NORTE,BURGOS
ILOCOS_NORTE,CARASI
ILOCOS_NORTE,CURRIMAO
ILOCOS_NORTE,DINGRAS
ILOCOS_NORTE,DUMALNEG
ILOCOS_NORTE,BANNA
ILOCOS_NORTE,LAOAG_CITY
ILOCOS_NORTE,MARCOS
ILOCOS_NORTE,NUEVA_ERA
ILOCOS_NORTE,PAGUDPUD
ILOCOS_NORTE,PAOAY
ILOCOS_NORTE,PASUQUIN
ILOCOS_NORTE,PIDDIG
ILOCOS_NORTE,PINILI
ILOCOS_NORTE,SAN_NICOLAS
ILOCOS_NORTE,SARRAT
ILOCOS_NORTE,SOLSONA
ILOCOS_NORTE,VINTAR
ILOCOS_SUR,ALILEM
ILOCOS_SUR,BANAYOYO
ILOCOS_SUR,BANTAY
ILOCOS_SUR,BURGOS
ILOCOS_SUR,CABUGAO
ILOCOS_SUR,CITY_OF_CANDON
ILOCOS_SUR,CAOAYAN
ILOCOS_SUR,CERVANTES
ILOCOS_SUR,GALIMUYOD
ILOCOS_SUR,GREGORIO_DEL_PILAR
ILOCOS_SUR,LIDLIDDA
ILOCOS_SUR,MAGSINGAL
ILOCOS_SUR,NAGBUKEL
ILOCOS_SUR,NARVACAN
ILOCOS_SUR,QUIRINO
ILOCOS_SUR,SALCEDO
ILOCOS_SUR,SAN_EMILIO
ILOCOS_SUR,SAN_ESTEBAN
ILOCOS_SUR,SAN_ILDEFONSO
ILOCOS_SUR,SAN_JUAN
ILOCOS_SUR,SAN_VICENTE
ILOCOS_SUR,SANTA
ILOCOS_SUR,SANTA_CATALINA
ILOCOS_SUR,SANTA_CRUZ
ILOCOS_SUR,SANTA_LUCIA
ILOCOS_SUR,SANTA_MARIA
ILOCOS_SUR,SANTIAGO
ILOCOS_SUR,SANTO_DOMINGO
ILOCOS_SUR,SIGAY
ILOCOS_SUR,SINAIT
ILOCOS_SUR,SUGPON
ILOCOS_SUR,SUYO
ILOCOS_SUR,TAGUDIN
ILOCOS_SUR,CITY_OF_VIGAN
LA_UNION,AGOO
LA_UNION,ARINGAY
LA_UNION,BACNOTAN
LA_UNION,BAGULIN
LA_UNION,BALAOAN
LA_UNION,BANGAR
LA_UNION,BAUANG
LA_UNION,BURGOS
LA_UNION,CABA
LA_UNION,LUNA
LA_UNION,NAGUILIAN
LA_UNION,PUGO
LA_UNION,ROSARIO
LA_UNION,CITY_OF_SAN_FERNANDO
LA_UNION,SAN_GABRIEL
LA_UNION,SAN_JUAN
LA_UNION,SANTO_TOMAS
LA_UNION,SANTOL
LA_UNION,SUDIPEN
LA_UNION,TUBAO
PANGASINAN,AGNO
PANGASINAN,AGUILAR
PANGASINAN,CITY_OF_ALAMINOS
PANGASINAN,ALCALA
PANGASINAN,ANDA
PANGASINAN,ASINGAN
PANGASINAN,BALUNGAO
PANGASINAN,BANI
PANGASINAN,BASISTA
PANGASINAN,BAUTISTA
PANGASINAN,BAYAMBANG
PANGASINAN,BINALONAN
PANGASINAN,BINMALEY
PANGASINAN,BOLINAO
PANGASINAN,BUGALLON
PANGASINAN,BURGOS
PANGASINAN,CALASIAO
PANGASINAN,DAGUPAN_CITY
PANGASINAN,DASOL
PANGASINAN,INFANTA
PANGASINAN,LABRADOR
PANGASINAN,LINGAYEN
PANGASINAN,MABINI
PANGASINAN,MALASIQUI
PANGASINAN,MANAOAG
PANGASINAN,MANGALDAN
PANGASINAN,MANGATAREM
PANGASINAN,MAPANDAN
PANGASINAN,NATIVIDAD
PANGASINAN,POZORRUBIO
PANGASINAN,ROSALES
PANGASINAN,SAN_CARLOS_CITY
PANGASINAN,SAN_FABIAN
PANGASINAN,SAN_JACINTO
PANGASINAN,SAN_MANUEL
PANGASINAN,SAN_NICOLAS
PANGASINAN,SAN_QUINTIN
PANGASINAN,SANTA_BARBARA
PANGASINAN,SANTA_MARIA
PANGASINAN,SANTO_TOMAS
PANGASINAN,SISON
PANGASINAN,SUAL
PANGASINAN,TAYUG
PANGASINAN,UMINGAN
PANGASINAN,URBIZTONDO
PANGASINAN,CITY_OF_URDANETA
PANGASINAN,VILLASIS
PANGASINAN,LAOAC
BATANES,BASCO
BATANES,ITBAYAT
BATANES,IVANA
BATANES,MAHATAO
BATANES,SABTANG
BATANES,UYUGAN
CAGAYAN,ABULUG
CAGAYAN,ALCALA
CAGAYAN,ALLACAPAN
CAGAYAN,AMULUNG
CAGAYAN,APARRI
CAGAYAN,BAGGAO
CAGAYAN,BALLESTEROS
CAGAYAN,BUGUEY
CAGAYAN,CALAYAN
CAGAYAN,CAMALANIUGAN
CAGAYAN,CLAVERIA
CAGAYAN,ENRILE
CAGAYAN,GATTARAN
CAGAYAN,GONZAGA
CAGAYAN,IGUIG
CAGAYAN,LAL_LO
CAGAYAN,LASAM
CAGAYAN,PAMPLONA
CAGAYAN,PEÑABLANCA
CAGAYAN,PIAT
CAGAYAN,RIZAL
CAGAYAN,SANCHEZ_MIRA
CAGAYAN,SANTA_ANA
CAGAYAN,SANTA_PRAXEDES
CAGAYAN,SANTA_TERESITA
CAGAYAN,SANTO_NIÑO
CAGAYAN,SOLANA
CAGAYAN,TUAO
CAGAYAN,TUGUEGARAO_CITY
ISABELA,ALICIA
ISABELA,ANGADANAN
ISABELA,AURORA
ISABELA,BENITO_SOLIVEN
ISABELA,BURGOS
ISABELA,CABAGAN
ISABELA,CABATUAN
ISABELA,CITY_OF_CAUAYAN
ISABELA,CORDON
ISABELA,DINAPIGUE
ISABELA,DIVILACAN
ISABELA,ECHAGUE
ISABELA,GAMU
ISABELA,ILAGAN_CITY
ISABELA,JONES
ISABELA,LUNA
ISABELA,MACONACON
ISABELA,DELFIN_ALBANO
ISABELA,MALLIG
ISABELA,NAGUILIAN
ISABELA,PALANAN
ISABELA,QUEZON
ISABELA,QUIRINO
ISABELA,RAMON
ISABELA,REINA_MERCEDES
ISABELA,ROXAS
ISABELA,SAN_AGUSTIN
ISABELA,SAN_GUILLERMO
ISABELA,SAN_ISIDRO
ISABELA,SAN_MANUEL
ISABELA,SAN_MARIANO
ISABELA,SAN_MATEO
ISABELA,SAN_PABLO
ISABELA,SANTA_MARIA
ISABELA,CITY_OF_SANTIAGO
ISABELA,SANTO_TOMAS
ISABELA,TUMAUINI
NUEVA_VIZCAYA,AMBAGUIO
NUEVA_VIZCAYA,ARITAO
NUEVA_VIZCAYA,BAGABAG
NUEVA_VIZCAYA,BAMBANG
NUEVA_VIZCAYA,BAYOMBONG
NUEVA_VIZCAYA,DIADI
NUEVA_VIZCAYA,DUPAX_DEL_NORTE
NUEVA_VIZCAYA,DUPAX_DEL_SUR
NUEVA_VIZCAYA,KASIBU
NUEVA_VIZCAYA,KAYAPA
NUEVA_VIZCAYA,QUEZON
NUEVA_VIZCAYA,SANTA_FE
NUEVA_VIZCAYA,SOLANO
NUEVA_VIZCAYA,VILLAVERDE
NUEVA_VIZCAYA,ALFONSO_CASTANEDA
QUIRINO,AGLIPAY
QUIRINO,CABARROGUIS
QUIRINO,DIFFUN
QUIRINO,MADDELA
QUIRINO,SAGUDAY
QUIRINO,NAGTIPUNAN
BATAAN,ABUCAY
BATAAN,BAGAC
BATAAN,CITY_OF_BALANGA
BATAAN,DINALUPIHAN
BATAAN,HERMOSA
BATAAN,LIMAY
BATAAN,MARIVELES
BATAAN,MORONG
BATAAN,ORANI
BATAAN,ORION
BATAAN,PILAR
BATAAN,SAMAL
BULACAN,ANGAT
BULACAN,BALAGTAS
BULACAN,BALIUAG
BULACAN,BOCAUE
BULACAN,BULACAN
BULACAN,BUSTOS
BULACAN,CALUMPIT
BULACAN,GUIGUINTO
BULACAN,HAGONOY
BULACAN,CITY_OF_MALOLOS
BULACAN,MARILAO
BULACAN,CITY_OF_MEYCAUAYAN
BULACAN,NORZAGARAY
BULACAN,OBANDO
BULACAN,PANDI
BULACAN,PAOMBONG
BULACAN,PLARIDEL
BULACAN,PULILAN
BULACAN,SAN_ILDEFONSO
BULACAN,CITY_OF_SAN_JOSE_DEL_MONTE
BULACAN,SAN_MIGUEL
BULACAN,SAN_RAFAEL
BULACAN,SANTA_MARIA
BULACAN,DOÑA_REMEDIOS_TRINIDAD
NUEVA_ECIJA,ALIAGA
NUEVA_ECIJA,BONGABON
NUEVA_ECIJA,CABANATUAN_CITY
NUEVA_ECIJA,CABIAO
NUEVA_ECIJA,CARRANGLAN
NUEVA_ECIJA,CUYAPO
NUEVA_ECIJA,GABALDON
NUEVA_ECIJA,CITY_OF_GAPAN
NUEVA_ECIJA,GENERAL_MAMERTO_NATIVIDAD
NUEVA_ECIJA,GENERAL_TINIO
NUEVA_ECIJA,GUIMBA
NUEVA_ECIJA,JAEN
NUEVA_ECIJA,LAUR
NUEVA_ECIJA,LICAB
NUEVA_ECIJA,LLANERA
NUEVA_ECIJA,LUPAO
NUEVA_ECIJA,SCIENCE_CITY_OF_MUÑOZ
NUEVA_ECIJA,NAMPICUAN
NUEVA_ECIJA,PALAYAN_CITY
NUEVA_ECIJA,PANTABANGAN
NUEVA_ECIJA,PEÑARANDA
NUEVA_ECIJA,QUEZON
NUEVA_ECIJA,RIZAL
NUEVA_ECIJA,SAN_ANTONIO
NUEVA_ECIJA,SAN_ISIDRO
NUEVA_ECIJA,SAN_JOSE_CITY
NUEVA_ECIJA,SAN_LEONARDO
NUEVA_ECIJA,SANTA_ROSA
NUEVA_ECIJA,SANTO_DOMINGO
NUEVA_ECIJA,TALAVERA
NUEVA_ECIJA,TALUGTUG
NUEVA_ECIJA,ZARAGOZA
PAMPANGA,ANGELES_CITY
PAMPANGA,APALIT
PAMPANGA,ARAYAT
PAMPANGA,BACOLOR
PAMPANGA,CANDABA
PAMPANGA,FLORIDABLANCA
PAMPANGA,GUAGUA
PAMPANGA,LUBAO
PAMPANGA,MABALACAT_CITY
PAMPANGA,MACABEBE
PAMPANGA,MAGALANG
PAMPANGA,MASANTOL
PAMPANGA,MEXICO
PAMPANGA,MINALIN
PAMPANGA,PORAC
PAMPANGA,CITY_OF_SAN_FERNANDO
PAMPANGA,SAN_LUIS
PAMPANGA,SAN_SIMON
PAMPANGA,SANTA_ANA
PAMPANGA,SANTA_RITA
PAMPANGA,SANTO_TOMAS
PAMPANGA,SASMUAN
TARLAC,ANAO
TARLAC,BAMBAN
TARLAC,CAMILING
TARLAC,CAPAS
TARLAC,CONCEPCION
TARLAC,GERONA
TARLAC,LA_PAZ
TARLAC,MAYANTOC
TARLAC,MONCADA
TARLAC,PANIQUI
TARLAC,PURA
TARLAC,RAMOS
TARLAC,SAN_CLEMENTE
TARLAC,SAN_MANUEL
TARLAC,SANTA_IGNACIA
TARLAC,CITY_OF_TARLAC
TARLAC,VICTORIA
TARLAC,SAN_JOSE
ZAMBALES,BOTOLAN
ZAMBALES,CABANGAN
ZAMBALES,CANDELARIA
ZAMBALES,CASTILLEJOS
ZAMBALES,IBA
ZAMBALES,MASINLOC
ZAMBALES,OLONGAPO_CITY
ZAMBALES,PALAUIG
ZAMBALES,SAN_ANTONIO
ZAMBALES,SAN_FELIPE
ZAMBALES,SAN_MARCELINO
ZAMBALES,SAN_NARCISO
ZAMBALES,SANTA_CRUZ
ZAMBALES,SUBIC
AURORA,BALER
AURORA,CASIGURAN
AURORA,DILASAG
AURORA,DINALUNGAN
AURORA,DINGALAN
AURORA,DIPACULAO
AURORA,MARIA_AURORA
AURORA,SAN_LUIS
BATANGAS,AGONCILLO
BATANGAS,ALITAGTAG
BATANGAS,BALAYAN
BATANGAS,BALETE
BATANGAS,BATANGAS_CITY
BATANGAS,BAUAN
BATANGAS,CALACA
BATANGAS,CALATAGAN
BATANGAS,CUENCA
BATANGAS,IBAAN
BATANGAS,LAUREL
BATANGAS,LEMERY
BATANGAS,LIAN
BATANGAS,LIPA_CITY
BATANGAS,LOBO
BATANGAS,MABINI
BATANGAS,MALVAR
BATANGAS,MATAASNAKAHOY
BATANGAS,NASUGBU
BATANGAS,PADRE_GARCIA
BATANGAS,ROSARIO
BATANGAS,SAN_JOSE
BATANGAS,SAN_JUAN
BATANGAS,SAN_LUIS
BATANGAS,SAN_NICOLAS
BATANGAS,SAN_PASCUAL
BATANGAS,SANTA_TERESITA
BATANGAS,SANTO_TOMAS
BATANGAS,TAAL
BATANGAS,TALISAY
BATANGAS,CITY_OF_TANAUAN
BATANGAS,TAYSAN
BATANGAS,TINGLOY
BATANGAS,TUY
CAVITE,ALFONSO
CAVITE,AMADEO
CAVITE,BACOOR_CITY
CAVITE,CARMONA
CAVITE,CAVITE_CITY
CAVITE,CITY_OF_DASMARIÑAS
CAVITE,GENERAL_EMILIO_AGUINALDO
CAVITE,GENERAL_TRIAS
CAVITE,IMUS_CITY
CAVITE,INDANG
CAVITE,KAWIT
CAVITE,MAGALLANES
CAVITE,MARAGONDON
CAVITE,MENDEZ
CAVITE,NAIC
CAVITE,NOVELETA
CAVITE,ROSARIO
CAVITE,SILANG
CAVITE,TAGAYTAY_CITY
CAVITE,TANZA
CAVITE,TERNATE
CAVITE,TRECE_MARTIRES_CITY
CAVITE,GEN._MARIANO_ALVAREZ
LAGUNA,ALAMINOS
LAGUNA,BAY
LAGUNA,CITY_OF_BIÑAN
LAGUNA,CABUYAO_CITY
LAGUNA,CITY_OF_CALAMBA
LAGUNA,CALAUAN
LAGUNA,CAVINTI
LAGUNA,FAMY
LAGUNA,KALAYAAN
LAGUNA,LILIW
LAGUNA,LOS_BAÑOS
LAGUNA,LUISIANA
LAGUNA,LUMBAN
LAGUNA,MABITAC
LAGUNA,MAGDALENA
LAGUNA,MAJAYJAY
LAGUNA,NAGCARLAN
LAGUNA,PAETE
LAGUNA,PAGSANJAN
LAGUNA,PAKIL
LAGUNA,PANGIL
LAGUNA,PILA
LAGUNA,RIZAL
LAGUNA,SAN_PABLO_CITY
LAGUNA,CITY_OF_SAN_PEDRO
LAGUNA,SANTA_CRUZ
LAGUNA,SANTA_MARIA
LAGUNA,CITY_OF_SANTA_ROSA
LAGUNA,SINILOAN
LAGUNA,VICTORIA
QUEZON,AGDANGAN
QUEZON,ALABAT
QUEZON,ATIMONAN
QUEZON,BUENAVISTA
QUEZON,BURDEOS
QUEZON,CALAUAG
QUEZON,CANDELARIA
QUEZON,CATANAUAN
QUEZON,DOLORES
QUEZON,GENERAL_LUNA
QUEZON,GENERAL_NAKAR
QUEZON,GUINAYANGAN
QUEZON,GUMACA
QUEZON,INFANTA
QUEZON,JOMALIG
QUEZON,LOPEZ
QUEZON,LUCBAN
QUEZON,LUCENA_CITY
QUEZON,MACALELON
QUEZON,MAUBAN
QUEZON,MULANAY
QUEZON,PADRE_BURGOS
QUEZON,PAGBILAO
QUEZON,PANUKULAN
QUEZON,PATNANUNGAN
QUEZON,PEREZ
QUEZON,PITOGO
QUEZON,PLARIDEL
QUEZON,POLILLO
QUEZON,QUEZON
QUEZON,REAL
QUEZON,SAMPALOC
QUEZON,SAN_ANDRES
QUEZON,SAN_ANTONIO
QUEZON,SAN_FRANCISCO
QUEZON,SAN_NARCISO
QUEZON,SARIAYA
QUEZON,TAGKAWAYAN
QUEZON,CITY_OF_TAYABAS
QUEZON,TIAONG
QUEZON,UNISAN
RIZAL,ANGONO
RIZAL,CITY_OF_ANTIPOLO
RIZAL,BARAS
RIZAL,BINANGONAN
RIZAL,CAINTA
RIZAL,CARDONA
RIZAL,JALA_JALA
RIZAL,RODRIGUEZ
RIZAL,MORONG
RIZAL,PILILLA
RIZAL,SAN_MATEO
RIZAL,TANAY
RIZAL,TAYTAY
RIZAL,TERESA
ALBAY,BACACAY
ALBAY,CAMALIG
ALBAY,DARAGA
ALBAY,GUINOBATAN
ALBAY,JOVELLAR
ALBAY,LEGAZPI_CITY
ALBAY,LIBON
ALBAY,CITY_OF_LIGAO
ALBAY,MALILIPOT
ALBAY,MALINAO
ALBAY,MANITO
ALBAY,OAS
ALBAY,PIO_DURAN
ALBAY,POLANGUI
ALBAY,RAPU_RAPU
ALBAY,SANTO_DOMINGO
ALBAY,CITY_OF_TABACO
ALBAY,TIWI
CAMARINES_NORTE,BASUD
CAMARINES_NORTE,CAPALONGA
CAMARINES_NORTE,DAET
CAMARINES_NORTE,SAN_LORENZO_RUIZ
CAMARINES_NORTE,JOSE_PANGANIBAN
CAMARINES_NORTE,LABO
CAMARINES_NORTE,MERCEDES
CAMARINES_NORTE,PARACALE
CAMARINES_NORTE,SAN_VICENTE
CAMARINES_NORTE,SANTA_ELENA
CAMARINES_NORTE,TALISAY
CAMARINES_NORTE,VINZONS
CAMARINES_SUR,BAAO
CAMARINES_SUR,BALATAN
CAMARINES_SUR,BATO
CAMARINES_SUR,BOMBON
CAMARINES_SUR,BUHI
CAMARINES_SUR,BULA
CAMARINES_SUR,CABUSAO
CAMARINES_SUR,CALABANGA
CAMARINES_SUR,CAMALIGAN
CAMARINES_SUR,CANAMAN
CAMARINES_SUR,CARAMOAN
CAMARINES_SUR,DEL_GALLEGO
CAMARINES_SUR,GAINZA
CAMARINES_SUR,GARCHITORENA
CAMARINES_SUR,GOA
CAMARINES_SUR,IRIGA_CITY
CAMARINES_SUR,LAGONOY
CAMARINES_SUR,LIBMANAN
CAMARINES_SUR,LUPI
CAMARINES_SUR,MAGARAO
CAMARINES_SUR,MILAOR
CAMARINES_SUR,MINALABAC
CAMARINES_SUR,NABUA
CAMARINES_SUR,NAGA_CITY
CAMARINES_SUR,OCAMPO
CAMARINES_SUR,PAMPLONA
CAMARINES_SUR,PASACAO
CAMARINES_SUR,PILI
CAMARINES_SUR,PRESENTACION
CAMARINES_SUR,RAGAY
CAMARINES_SUR,SAGÑAY
CAMARINES_SUR,SAN_FERNANDO
CAMARINES_SUR,SAN_JOSE
CAMARINES_SUR,SIPOCOT
CAMARINES_SUR,SIRUMA
CAMARINES_SUR,TIGAON
CAMARINES_SUR,TINAMBAC
CATANDUANES,BAGAMANOC
CATANDUANES,BARAS
CATANDUANES,BATO
CATANDUANES,CARAMORAN
CATANDUANES,GIGMOTO
CATANDUANES,PANDAN
CATANDUANES,PANGANIBAN
CATANDUANES,SAN_ANDRES
CATANDUANES,SAN_MIGUEL
CATANDUANES,VIGA
CATANDUANES,VIRAC
MASBATE,AROROY
MASBATE,BALENO
MASBATE,BALUD
MASBATE,BATUAN
MASBATE,CATAINGAN
MASBATE,CAWAYAN
MASBATE,CLAVERIA
MASBATE,DIMASALANG
MASBATE,ESPERANZA
MASBATE,MANDAON
MASBATE,CITY_OF_MASBATE
MASBATE,MILAGROS
MASBATE,MOBO
MASBATE,MONREAL
MASBATE,PALANAS
MASBATE,PIO_V._CORPUZ
MASBATE,PLACER
MASBATE,SAN_FERNANDO
MASBATE,SAN_JACINTO
MASBATE,SAN_PASCUAL
MASBATE,USON
SORSOGON,BARCELONA
SORSOGON,BULAN
SORSOGON,BULUSAN
SORSOGON,CASIGURAN
SORSOGON,CASTILLA
SORSOGON,DONSOL
SORSOGON,GUBAT
SORSOGON,IROSIN
SORSOGON,JUBAN
SORSOGON,MAGALLANES
SORSOGON,MATNOG
SORSOGON,PILAR
SORSOGON,PRIETO_DIAZ
SORSOGON,SANTA_MAGDALENA
SORSOGON,CITY_OF_SORSOGON
AKLAN,ALTAVAS
AKLAN,BALETE
AKLAN,BANGA
AKLAN,BATAN
AKLAN,BURUANGA
AKLAN,IBAJAY
AKLAN,KALIBO
AKLAN,LEZO
AKLAN,LIBACAO
AKLAN,MADALAG
AKLAN,MAKATO
AKLAN,MALAY
AKLAN,MALINAO
AKLAN,NABAS
AKLAN,NEW_WASHINGTON
AKLAN,NUMANCIA
AKLAN,TANGALAN
ANTIQUE,ANINI_Y
ANTIQUE,BARBAZA
ANTIQUE,BELISON
ANTIQUE,BUGASONG
ANTIQUE,CALUYA
ANTIQUE,CULASI
ANTIQUE,TOBIAS_FORNIER
ANTIQUE,HAMTIC
ANTIQUE,LAUA_AN
ANTIQUE,LIBERTAD
ANTIQUE,PANDAN
ANTIQUE,PATNONGON
ANTIQUE,SAN_JOSE
ANTIQUE,SAN_REMIGIO
ANTIQUE,SEBASTE
ANTIQUE,SIBALOM
ANTIQUE,TIBIAO
ANTIQUE,VALDERRAMA
CAPIZ,CUARTERO
CAPIZ,DAO
CAPIZ,DUMALAG
CAPIZ,DUMARAO
CAPIZ,IVISAN
CAPIZ,JAMINDAN
CAPIZ,MA_AYON
CAPIZ,MAMBUSAO
CAPIZ,PANAY
CAPIZ,PANITAN
CAPIZ,PILAR
CAPIZ,PONTEVEDRA
CAPIZ,PRESIDENT_ROXAS
CAPIZ,ROXAS_CITY
CAPIZ,SAPI_AN
CAPIZ,SIGMA
CAPIZ,TAPAZ
ILOILO,AJUY
ILOILO,ALIMODIAN
ILOILO,ANILAO
ILOILO,BADIANGAN
ILOILO,BALASAN
ILOILO,BANATE
ILOILO,BAROTAC_NUEVO
ILOILO,BAROTAC_VIEJO
ILOILO,BATAD
ILOILO,BINGAWAN
ILOILO,CABATUAN
ILOILO,CALINOG
ILOILO,CARLES
ILOILO,CONCEPCION
ILOILO,DINGLE
ILOILO,DUEÑAS
ILOILO,DUMANGAS
ILOILO,ESTANCIA
ILOILO,GUIMBAL
ILOILO,IGBARAS
ILOILO,ILOILO_CITY
ILOILO,JANIUAY
ILOILO,LAMBUNAO
ILOILO,LEGANES
ILOILO,LEMERY
ILOILO,LEON
ILOILO,MAASIN
ILOILO,MIAGAO
ILOILO,MINA
ILOILO,NEW_LUCENA
ILOILO,OTON
ILOILO,CITY_OF_PASSI
ILOILO,PAVIA
ILOILO,POTOTAN
ILOILO,SAN_DIONISIO
ILOILO,SAN_ENRIQUE
ILOILO,SAN_JOAQUIN
ILOILO,SAN_MIGUEL
ILOILO,SAN_RAFAEL
ILOILO,SANTA_BARBARA
ILOILO,SARA
ILOILO,TIGBAUAN
ILOILO,TUBUNGAN
ILOILO,ZARRAGA
NEGROS_OCCIDENTAL,BACOLOD_CITY
NEGROS_OCCIDENTAL,BAGO_CITY
NEGROS_OCCIDENTAL,BINALBAGAN
NEGROS_OCCIDENTAL,CADIZ_CITY
NEGROS_OCCIDENTAL,CALATRAVA
NEGROS_OCCIDENTAL,CANDONI
NEGROS_OCCIDENTAL,CAUAYAN
NEGROS_OCCIDENTAL,ENRIQUE_B._MAGALONA
NEGROS_OCCIDENTAL,CITY_OF_ESCALANTE
NEGROS_OCCIDENTAL,CITY_OF_HIMAMAYLAN
NEGROS_OCCIDENTAL,HINIGARAN
NEGROS_OCCIDENTAL,HINOBA_AN
NEGROS_OCCIDENTAL,ILOG
NEGROS_OCCIDENTAL,ISABELA
NEGROS_OCCIDENTAL,CITY_OF_KABANKALAN
NEGROS_OCCIDENTAL,LA_CARLOTA_CITY
NEGROS_OCCIDENTAL,LA_CASTELLANA
NEGROS_OCCIDENTAL,MANAPLA
NEGROS_OCCIDENTAL,MOISES_PADILLA
NEGROS_OCCIDENTAL,MURCIA
NEGROS_OCCIDENTAL,PONTEVEDRA
NEGROS_OCCIDENTAL,PULUPANDAN
NEGROS_OCCIDENTAL,SAGAY_CITY
NEGROS_OCCIDENTAL,SAN_CARLOS_CITY
NEGROS_OCCIDENTAL,SAN_ENRIQUE
NEGROS_OCCIDENTAL,SILAY_CITY
NEGROS_OCCIDENTAL,CITY_OF_SIPALAY
NEGROS_OCCIDENTAL,CITY_OF_TALISAY
NEGROS_OCCIDENTAL,TOBOSO
NEGROS_OCCIDENTAL,VALLADOLID
NEGROS_OCCIDENTAL,CITY_OF_VICTORIAS
NEGROS_OCCIDENTAL,SALVADOR_BENEDICTO
GUIMARAS,BUENAVISTA
GUIMARAS,JORDAN
GUIMARAS,NUEVA_VALENCIA
GUIMARAS,SAN_LORENZO
GUIMARAS,SIBUNAG
BOHOL,ALBURQUERQUE
BOHOL,ALICIA
BOHOL,ANDA
BOHOL,ANTEQUERA
BOHOL,BACLAYON
BOHOL,BALILIHAN
BOHOL,BATUAN
BOHOL,BILAR
BOHOL,BUENAVISTA
BOHOL,CALAPE
BOHOL,CANDIJAY
BOHOL,CARMEN
BOHOL,CATIGBIAN
BOHOL,CLARIN
BOHOL,CORELLA
BOHOL,CORTES
BOHOL,DAGOHOY
BOHOL,DANAO
BOHOL,DAUIS
BOHOL,DIMIAO
BOHOL,DUERO
BOHOL,GARCIA_HERNANDEZ
BOHOL,GUINDULMAN
BOHOL,INABANGA
BOHOL,JAGNA
BOHOL,JETAFE
BOHOL,LILA
BOHOL,LOAY
BOHOL,LOBOC
BOHOL,LOON
BOHOL,MABINI
BOHOL,MARIBOJOC
BOHOL,PANGLAO
BOHOL,PILAR
BOHOL,PRES._CARLOS_P._GARCIA
BOHOL,SAGBAYAN
BOHOL,SAN_ISIDRO
BOHOL,SAN_MIGUEL
BOHOL,SEVILLA
BOHOL,SIERRA_BULLONES
BOHOL,SIKATUNA
BOHOL,TAGBILARAN_CITY
BOHOL,TALIBON
BOHOL,TRINIDAD
BOHOL,TUBIGON
BOHOL,UBAY
BOHOL,VALENCIA
BOHOL,BIEN_UNIDO
CEBU,ALCANTARA
CEBU,ALCOY
CEBU,ALEGRIA
CEBU,ALOGUINSAN
CEBU,ARGAO
CEBU,ASTURIAS
CEBU,BADIAN
CEBU,BALAMBAN
CEBU,BANTAYAN
CEBU,BARILI
CEBU,CITY_OF_BOGO
CEBU,BOLJOON
CEBU,BORBON
CEBU,CITY_OF_CARCAR
CEBU,CARMEN
CEBU,CATMON
CEBU,CEBU_CITY
CEBU,COMPOSTELA
CEBU,CONSOLACION
CEBU,CORDOVA
CEBU,DAANBANTAYAN
CEBU,DALAGUETE
CEBU,DANAO_CITY
CEBU,DUMANJUG
CEBU,GINATILAN
CEBU,LAPU_LAPU_CITY
CEBU,LILOAN
CEBU,MADRIDEJOS
CEBU,MALABUYOC
CEBU,MANDAUE_CITY
CEBU,MEDELLIN
CEBU,MINGLANILLA
CEBU,MOALBOAL
CEBU,CITY_OF_NAGA
CEBU,OSLOB
CEBU,PILAR
CEBU,PINAMUNGAHAN
CEBU,PORO
CEBU,RONDA
CEBU,SAMBOAN
CEBU,SAN_FERNANDO
CEBU,SAN_FRANCISCO
CEBU,SAN_REMIGIO
CEBU,SANTA_FE
CEBU,SANTANDER
CEBU,SIBONGA
CEBU,SOGOD
CEBU,TABOGON
CEBU,TABUELAN
CEBU,CITY_OF_TALISAY
CEBU,TOLEDO_CITY
CEBU,TUBURAN
CEBU,TUDELA
NEGROS_ORIENTAL,AMLAN
NEGROS_ORIENTAL,AYUNGON
NEGROS_ORIENTAL,BACONG
NEGROS_ORIENTAL,BAIS_CITY
NEGROS_ORIENTAL,BASAY
NEGROS_ORIENTAL,CITY_OF_BAYAWAN
NEGROS_ORIENTAL,BINDOY
NEGROS_ORIENTAL,CANLAON_CITY
NEGROS_ORIENTAL,DAUIN
NEGROS_ORIENTAL,DUMAGUETE_CITY
NEGROS_ORIENTAL,CITY_OF_GUIHULNGAN
NEGROS_ORIENTAL,JIMALALUD
NEGROS_ORIENTAL,LA_LIBERTAD
NEGROS_ORIENTAL,MABINAY
NEGROS_ORIENTAL,MANJUYOD
NEGROS_ORIENTAL,PAMPLONA
NEGROS_ORIENTAL,SAN_JOSE
NEGROS_ORIENTAL,SANTA_CATALINA
NEGROS_ORIENTAL,SIATON
NEGROS_ORIENTAL,SIBULAN
NEGROS_ORIENTAL,CITY_OF_TANJAY
NEGROS_ORIENTAL,TAYASAN
NEGROS_ORIENTAL,VALENCIA
NEGROS_ORIENTAL,VALLEHERMOSO
NEGROS_ORIENTAL,ZAMBOANGUITA
SIQUIJOR,ENRIQUE_VILLANUEVA
SIQUIJOR,LARENA
SIQUIJOR,LAZI
SIQUIJOR,MARIA
SIQUIJOR,SAN_JUAN
SIQUIJOR,SIQUIJOR
EASTERN_SAMAR,ARTECHE
EASTERN_SAMAR,BALANGIGA
EASTERN_SAMAR,BALANGKAYAN
EASTERN_SAMAR,CITY_OF_BORONGAN
EASTERN_SAMAR,CAN_AVID
EASTERN_SAMAR,DOLORES
EASTERN_SAMAR,GENERAL_MACARTHUR
EASTERN_SAMAR,GIPORLOS
EASTERN_SAMAR,GUIUAN
EASTERN_SAMAR,HERNANI
EASTERN_SAMAR,JIPAPAD
EASTERN_SAMAR,LAWAAN
EASTERN_SAMAR,LLORENTE
EASTERN_SAMAR,MASLOG
EASTERN_SAMAR,MAYDOLONG
EASTERN_SAMAR,MERCEDES
EASTERN_SAMAR,ORAS
EASTERN_SAMAR,QUINAPONDAN
EASTERN_SAMAR,SALCEDO
EASTERN_SAMAR,SAN_JULIAN
EASTERN_SAMAR,SAN_POLICARPO
EASTERN_SAMAR,SULAT
EASTERN_SAMAR,TAFT
LEYTE,ABUYOG
LEYTE,ALANGALANG
LEYTE,ALBUERA
LEYTE,BABATNGON
LEYTE,BARUGO
LEYTE,BATO
LEYTE,CITY_OF_BAYBAY
LEYTE,BURAUEN
LEYTE,CALUBIAN
LEYTE,CAPOOCAN
LEYTE,CARIGARA
LEYTE,DAGAMI
LEYTE,DULAG
LEYTE,HILONGOS
LEYTE,HINDANG
LEYTE,INOPACAN
LEYTE,ISABEL
LEYTE,JARO
LEYTE,JAVIER
LEYTE,JULITA
LEYTE,KANANGA
LEYTE,LA_PAZ
LEYTE,LEYTE
LEYTE,MACARTHUR
LEYTE,MAHAPLAG
LEYTE,MATAG_OB
LEYTE,MATALOM
LEYTE,MAYORGA
LEYTE,MERIDA
LEYTE,ORMOC_CITY
LEYTE,PALO
LEYTE,PALOMPON
LEYTE,PASTRANA
LEYTE,SAN_ISIDRO
LEYTE,SAN_MIGUEL
LEYTE,SANTA_FE
LEYTE,TABANGO
LEYTE,TABONTABON
LEYTE,TACLOBAN_CITY
LEYTE,TANAUAN
LEYTE,TOLOSA
LEYTE,TUNGA
LEYTE,VILLABA
NORTHERN_SAMAR,ALLEN
NORTHERN_SAMAR,BIRI
NORTHERN_SAMAR,BOBON
NORTHERN_SAMAR,CAPUL
NORTHERN_SAMAR,CATARMAN
NORTHERN_SAMAR,CATUBIG
NORTHERN_SAMAR,GAMAY
NORTHERN_SAMAR,LAOANG
NORTHERN_SAMAR,LAPINIG
NORTHERN_SAMAR,LAS_NAVAS
NORTHERN_SAMAR,LAVEZARES
NORTHERN_SAMAR,MAPANAS
NORTHERN_SAMAR,MONDRAGON
NORTHERN_SAMAR,PALAPAG
NORTHERN_SAMAR,PAMBUJAN
NORTHERN_SAMAR,ROSARIO
NORTHERN_SAMAR,SAN_ANTONIO
NORTHERN_SAMAR,SAN_ISIDRO
NORTHERN_SAMAR,SAN_JOSE
NORTHERN_SAMAR,SAN_ROQUE
NORTHERN_SAMAR,SAN_VICENTE
NORTHERN_SAMAR,SILVINO_LOBOS
NORTHERN_SAMAR,VICTORIA
NORTHERN_SAMAR,LOPE_DE_VEGA
SAMAR,ALMAGRO
SAMAR,BASEY
SAMAR,CALBAYOG_CITY
SAMAR,CALBIGA
SAMAR,
SAMAR,DARAM
SAMAR,GANDARA
SAMAR,HINABANGAN
SAMAR,JIABONG
SAMAR,MARABUT
SAMAR,MATUGUINAO
SAMAR,MOTIONG
SAMAR,PINABACDAO
SAMAR,SAN_JOSE_DE_BUAN
SAMAR,SAN_SEBASTIAN
SAMAR,SANTA_MARGARITA
SAMAR,SANTA_RITA
SAMAR,SANTO_NIÑO
SAMAR,TALALORA
SAMAR,TARANGNAN
SAMAR,VILLAREAL
SAMAR,
SAMAR,ZUMARRAGA
SAMAR,TAGAPUL_AN
SAMAR,SAN_JORGE
SAMAR,PAGSANGHAN
SOUTHERN_LEYTE,ANAHAWAN
SOUTHERN_LEYTE,BONTOC
SOUTHERN_LEYTE,HINUNANGAN
SOUTHERN_LEYTE,HINUNDAYAN
SOUTHERN_LEYTE,LIBAGON
SOUTHERN_LEYTE,LILOAN
SOUTHERN_LEYTE,CITY_OF_MAASIN
SOUTHERN_LEYTE,MACROHON
SOUTHERN_LEYTE,MALITBOG
SOUTHERN_LEYTE,PADRE_BURGOS
SOUTHERN_LEYTE,PINTUYAN
SOUTHERN_LEYTE,SAINT_BERNARD
SOUTHERN_LEYTE,SAN_FRANCISCO
SOUTHERN_LEYTE,SAN_JUAN
SOUTHERN_LEYTE,SAN_RICARDO
SOUTHERN_LEYTE,SILAGO
SOUTHERN_LEYTE,SOGOD
SOUTHERN_LEYTE,TOMAS_OPPUS
SOUTHERN_LEYTE,LIMASAWA
BILIRAN,ALMERIA
BILIRAN,BILIRAN
BILIRAN,CABUCGAYAN
BILIRAN,CAIBIRAN
BILIRAN,CULABA
BILIRAN,KAWAYAN
BILIRAN,MARIPIPI
BILIRAN,NAVAL
ZAMBOANGA_DEL_NORTE,DAPITAN_CITY
ZAMBOANGA_DEL_NORTE,DIPOLOG_CITY
ZAMBOANGA_DEL_NORTE,KATIPUNAN
ZAMBOANGA_DEL_NORTE,LA_LIBERTAD
ZAMBOANGA_DEL_NORTE,LABASON
ZAMBOANGA_DEL_NORTE,LILOY
ZAMBOANGA_DEL_NORTE,MANUKAN
ZAMBOANGA_DEL_NORTE,MUTIA
ZAMBOANGA_DEL_NORTE,PIÑAN
ZAMBOANGA_DEL_NORTE,POLANCO
ZAMBOANGA_DEL_NORTE,PRES._MANUEL_A._ROXAS
ZAMBOANGA_DEL_NORTE,RIZAL
ZAMBOANGA_DEL_NORTE,SALUG
ZAMBOANGA_DEL_NORTE,SERGIO_OSMEÑA_SR.
ZAMBOANGA_DEL_NORTE,SIAYAN
ZAMBOANGA_DEL_NORTE,SIBUCO
ZAMBOANGA_DEL_NORTE,SIBUTAD
ZAMBOANGA_DEL_NORTE,SINDANGAN
ZAMBOANGA_DEL_NORTE,SIOCON
ZAMBOANGA_DEL_NORTE,SIRAWAI
ZAMBOANGA_DEL_NORTE,TAMPILISAN
ZAMBOANGA_DEL_NORTE,JOSE_DALMAN
ZAMBOANGA_DEL_NORTE,GUTALAC
ZAMBOANGA_DEL_NORTE,BALIGUIAN
ZAMBOANGA_DEL_NORTE,GODOD
ZAMBOANGA_DEL_NORTE,BACUNGAN
ZAMBOANGA_DEL_NORTE,KALAWIT
ZAMBOANGA_DEL_SUR,AURORA
ZAMBOANGA_DEL_SUR,BAYOG
ZAMBOANGA_DEL_SUR,DIMATALING
ZAMBOANGA_DEL_SUR,DINAS
ZAMBOANGA_DEL_SUR,DUMALINAO
ZAMBOANGA_DEL_SUR,DUMINGAG
ZAMBOANGA_DEL_SUR,KUMALARANG
ZAMBOANGA_DEL_SUR,LABANGAN
ZAMBOANGA_DEL_SUR,LAPUYAN
ZAMBOANGA_DEL_SUR,MAHAYAG
ZAMBOANGA_DEL_SUR,MARGOSATUBIG
ZAMBOANGA_DEL_SUR,MIDSALIP
ZAMBOANGA_DEL_SUR,MOLAVE
ZAMBOANGA_DEL_SUR,PAGADIAN_CITY
ZAMBOANGA_DEL_SUR,RAMON_MAGSAYSAY
ZAMBOANGA_DEL_SUR,SAN_MIGUEL
ZAMBOANGA_DEL_SUR,SAN_PABLO
ZAMBOANGA_DEL_SUR,TABINA
ZAMBOANGA_DEL_SUR,TAMBULIG
ZAMBOANGA_DEL_SUR,TUKURAN
ZAMBOANGA_DEL_SUR,ZAMBOANGA_CITY
ZAMBOANGA_DEL_SUR,LAKEWOOD
ZAMBOANGA_DEL_SUR,JOSEFINA
ZAMBOANGA_DEL_SUR,PITOGO
ZAMBOANGA_DEL_SUR,SOMINOT
ZAMBOANGA_DEL_SUR,VINCENZO_A._SAGUN
ZAMBOANGA_DEL_SUR,GUIPOS
ZAMBOANGA_DEL_SUR,TIGBAO
ZAMBOANGA_SIBUGAY,ALICIA
ZAMBOANGA_SIBUGAY,BUUG
ZAMBOANGA_SIBUGAY,DIPLAHAN
ZAMBOANGA_SIBUGAY,IMELDA
ZAMBOANGA_SIBUGAY,IPIL
ZAMBOANGA_SIBUGAY,KABASALAN
ZAMBOANGA_SIBUGAY,MABUHAY
ZAMBOANGA_SIBUGAY,MALANGAS
ZAMBOANGA_SIBUGAY,NAGA
ZAMBOANGA_SIBUGAY,OLUTANGA
ZAMBOANGA_SIBUGAY,PAYAO
ZAMBOANGA_SIBUGAY,ROSELLER_LIM
ZAMBOANGA_SIBUGAY,SIAY
ZAMBOANGA_SIBUGAY,TALUSAN
ZAMBOANGA_SIBUGAY,TITAY
ZAMBOANGA_SIBUGAY,TUNGAWAN
CITY_OF_ISABELA,CITY_OF_ISABELA
BUKIDNON,BAUNGON
BUKIDNON,DAMULOG
BUKIDNON,DANGCAGAN
BUKIDNON,DON_CARLOS
BUKIDNON,IMPASUG_ONG
BUKIDNON,KADINGILAN
BUKIDNON,KALILANGAN
BUKIDNON,KIBAWE
BUKIDNON,KITAOTAO
BUKIDNON,LANTAPAN
BUKIDNON,LIBONA
BUKIDNON,CITY_OF_MALAYBALAY
BUKIDNON,MALITBOG
BUKIDNON,MANOLO_FORTICH
BUKIDNON,MARAMAG
BUKIDNON,PANGANTUCAN
BUKIDNON,QUEZON
BUKIDNON,SAN_FERNANDO
BUKIDNON,SUMILAO
BUKIDNON,TALAKAG
BUKIDNON,CITY_OF_VALENCIA
BUKIDNON,CABANGLASAN
CAMIGUIN,CATARMAN
CAMIGUIN,GUINSILIBAN
CAMIGUIN,MAHINOG
CAMIGUIN,MAMBAJAO
CAMIGUIN,SAGAY
LANAO_DEL_NORTE,BACOLOD
LANAO_DEL_NORTE,BALOI
LANAO_DEL_NORTE,BAROY
LANAO_DEL_NORTE,ILIGAN_CITY
LANAO_DEL_NORTE,KAPATAGAN
LANAO_DEL_NORTE,SULTAN_NAGA_DIMAPORO
LANAO_DEL_NORTE,KAUSWAGAN
LANAO_DEL_NORTE,KOLAMBUGAN
LANAO_DEL_NORTE,LALA
LANAO_DEL_NORTE,LINAMON
LANAO_DEL_NORTE,MAGSAYSAY
LANAO_DEL_NORTE,MAIGO
LANAO_DEL_NORTE,MATUNGAO
LANAO_DEL_NORTE,MUNAI
LANAO_DEL_NORTE,NUNUNGAN
LANAO_DEL_NORTE,PANTAO_RAGAT
LANAO_DEL_NORTE,POONA_PIAGAPO
LANAO_DEL_NORTE,SALVADOR
LANAO_DEL_NORTE,SAPAD
LANAO_DEL_NORTE,TAGOLOAN
LANAO_DEL_NORTE,TANGCAL
LANAO_DEL_NORTE,TUBOD
LANAO_DEL_NORTE,PANTAR
MISAMIS_OCCIDENTAL,ALORAN
MISAMIS_OCCIDENTAL,BALIANGAO
MISAMIS_OCCIDENTAL,BONIFACIO
MISAMIS_OCCIDENTAL,CALAMBA
MISAMIS_OCCIDENTAL,CLARIN
MISAMIS_OCCIDENTAL,CONCEPCION
MISAMIS_OCCIDENTAL,JIMENEZ
MISAMIS_OCCIDENTAL,LOPEZ_JAENA
MISAMIS_OCCIDENTAL,OROQUIETA_CITY
MISAMIS_OCCIDENTAL,OZAMIS_CITY
MISAMIS_OCCIDENTAL,PANAON
MISAMIS_OCCIDENTAL,PLARIDEL
MISAMIS_OCCIDENTAL,SAPANG_DALAGA
MISAMIS_OCCIDENTAL,SINACABAN
MISAMIS_OCCIDENTAL,TANGUB_CITY
MISAMIS_OCCIDENTAL,TUDELA
MISAMIS_OCCIDENTAL,DON_VICTORIANO_CHIONGBIAN_
MISAMIS_ORIENTAL,ALUBIJID
MISAMIS_ORIENTAL,BALINGASAG
MISAMIS_ORIENTAL,BALINGOAN
MISAMIS_ORIENTAL,BINUANGAN
MISAMIS_ORIENTAL,CAGAYAN_DE_ORO_CITY
MISAMIS_ORIENTAL,CLAVERIA
MISAMIS_ORIENTAL,CITY_OF_EL_SALVADOR
MISAMIS_ORIENTAL,GINGOOG_CITY
MISAMIS_ORIENTAL,GITAGUM
MISAMIS_ORIENTAL,INITAO
MISAMIS_ORIENTAL,JASAAN
MISAMIS_ORIENTAL,KINOGUITAN
MISAMIS_ORIENTAL,LAGONGLONG
MISAMIS_ORIENTAL,LAGUINDINGAN
MISAMIS_ORIENTAL,LIBERTAD
MISAMIS_ORIENTAL,LUGAIT
MISAMIS_ORIENTAL,MAGSAYSAY
MISAMIS_ORIENTAL,MANTICAO
MISAMIS_ORIENTAL,MEDINA
MISAMIS_ORIENTAL,NAAWAN
MISAMIS_ORIENTAL,OPOL
MISAMIS_ORIENTAL,SALAY
MISAMIS_ORIENTAL,SUGBONGCOGON
MISAMIS_ORIENTAL,TAGOLOAN
MISAMIS_ORIENTAL,TALISAYAN
MISAMIS_ORIENTAL,VILLANUEVA
DAVAO_DEL_NORTE,ASUNCION
DAVAO_DEL_NORTE,CARMEN
DAVAO_DEL_NORTE,KAPALONG
DAVAO_DEL_NORTE,NEW_CORELLA
DAVAO_DEL_NORTE,CITY_OF_PANABO
DAVAO_DEL_NORTE,ISLAND_GARDEN_CITY_OF_SAMAL
DAVAO_DEL_NORTE,SANTO_TOMAS
DAVAO_DEL_NORTE,CITY_OF_TAGUM
DAVAO_DEL_NORTE,TALAINGOD
DAVAO_DEL_NORTE,BRAULIO_E._DUJALI
DAVAO_DEL_NORTE,SAN_ISIDRO
DAVAO_DEL_SUR,BANSALAN
DAVAO_DEL_SUR,DAVAO_CITY
DAVAO_DEL_SUR,CITY_OF_DIGOS
DAVAO_DEL_SUR,HAGONOY
DAVAO_DEL_SUR,KIBLAWAN
DAVAO_DEL_SUR,MAGSAYSAY
DAVAO_DEL_SUR,MALALAG
DAVAO_DEL_SUR,MATANAO
DAVAO_DEL_SUR,PADADA
DAVAO_DEL_SUR,SANTA_CRUZ
DAVAO_DEL_SUR,SULOP
DAVAO_ORIENTAL,BAGANGA
DAVAO_ORIENTAL,BANAYBANAY
DAVAO_ORIENTAL,BOSTON
DAVAO_ORIENTAL,CARAGA
DAVAO_ORIENTAL,CATEEL
DAVAO_ORIENTAL,GOVERNOR_GENEROSO
DAVAO_ORIENTAL,LUPON
DAVAO_ORIENTAL,MANAY
DAVAO_ORIENTAL,CITY_OF_MATI
DAVAO_ORIENTAL,SAN_ISIDRO
DAVAO_ORIENTAL,TARRAGONA
COMPOSTELA_VALLEY,COMPOSTELA
COMPOSTELA_VALLEY,LAAK
COMPOSTELA_VALLEY,MABINI
COMPOSTELA_VALLEY,MACO
COMPOSTELA_VALLEY,MARAGUSAN
COMPOSTELA_VALLEY,MAWAB
COMPOSTELA_VALLEY,MONKAYO
COMPOSTELA_VALLEY,MONTEVISTA
COMPOSTELA_VALLEY,NABUNTURAN
COMPOSTELA_VALLEY,NEW_BATAAN
COMPOSTELA_VALLEY,PANTUKAN
DAVAO_OCCIDENTAL,DON_MARCELINO
DAVAO_OCCIDENTAL,JOSE_ABAD_SANTOS
DAVAO_OCCIDENTAL,MALITA
DAVAO_OCCIDENTAL,SANTA_MARIA
DAVAO_OCCIDENTAL,SARANGANI
COTABATO,ALAMADA
COTABATO,CARMEN
COTABATO,KABACAN
COTABATO,
COTABATO,LIBUNGAN
COTABATO,MAGPET
COTABATO,MAKILALA
COTABATO,MATALAM
COTABATO,MIDSAYAP
COTABATO,M'LANG
COTABATO,PIGKAWAYAN
COTABATO,PIKIT
COTABATO,PRESIDENT_ROXAS
COTABATO,TULUNAN
COTABATO,ANTIPAS
COTABATO,BANISILAN
COTABATO,ALEOSAN
COTABATO,ARAKAN
SOUTH_COTABATO,BANGA
SOUTH_COTABATO,GENERAL_SANTOS_CITY
SOUTH_COTABATO,CITY_OF_KORONADAL
SOUTH_COTABATO,NORALA
SOUTH_COTABATO,POLOMOLOK
SOUTH_COTABATO,SURALLAH
SOUTH_COTABATO,TAMPAKAN
SOUTH_COTABATO,TANTANGAN
SOUTH_COTABATO,T'BOLI
SOUTH_COTABATO,TUPI
SOUTH_COTABATO,SANTO_NIÑO
SOUTH_COTABATO,LAKE_SEBU
SULTAN_KUDARAT,BAGUMBAYAN
SULTAN_KUDARAT,COLUMBIO
SULTAN_KUDARAT,ESPERANZA
SULTAN_KUDARAT,ISULAN
SULTAN_KUDARAT,KALAMANSIG
SULTAN_KUDARAT,LEBAK
SULTAN_KUDARAT,LUTAYAN
SULTAN_KUDARAT,LAMBAYONG
SULTAN_KUDARAT,PALIMBANG
SULTAN_KUDARAT,PRESIDENT_QUIRINO
SULTAN_KUDARAT,CITY_OF_TACURONG
SULTAN_KUDARAT,SEN._NINOY_AQUINO
SARANGANI,ALABEL
SARANGANI,GLAN
SARANGANI,KIAMBA
SARANGANI,MAASIM
SARANGANI,MAITUM
SARANGANI,MALAPATAN
SARANGANI,MALUNGON
COTABATO_CITY,COTABATO_CITY
CITY_OF_MANILA,TONDO_I_/_II
CITY_OF_MANILA,BINONDO
CITY_OF_MANILA,QUIAPO
CITY_OF_MANILA,SAN_NICOLAS
CITY_OF_MANILA,SANTA_CRUZ
CITY_OF_MANILA,SAMPALOC
CITY_OF_MANILA,SAN_MIGUEL
CITY_OF_MANILA,ERMITA
CITY_OF_MANILA,INTRAMUROS
CITY_OF_MANILA,MALATE
CITY_OF_MANILA,PACO
CITY_OF_MANILA,PANDACAN
CITY_OF_MANILA,PORT_AREA
CITY_OF_MANILA,SANTA_ANA
"NCR,_SECOND_DISTRICT",CITY_OF_MANDALUYONG
"NCR,_SECOND_DISTRICT",CITY_OF_MARIKINA
"NCR,_SECOND_DISTRICT",CITY_OF_PASIG
"NCR,_SECOND_DISTRICT",QUEZON_CITY
"NCR,_SECOND_DISTRICT",CITY_OF_SAN_JUAN
"NCR,_THIRD_DISTRICT",CALOOCAN_CITY
"NCR,_THIRD_DISTRICT",CITY_OF_MALABON
"NCR,_THIRD_DISTRICT",CITY_OF_NAVOTAS
"NCR,_THIRD_DISTRICT",CITY_OF_VALENZUELA
"NCR,_FOURTH_DISTRICT",CITY_OF_LAS_PIÑAS
"NCR,_FOURTH_DISTRICT",CITY_OF_MAKATI
"NCR,_FOURTH_DISTRICT",CITY_OF_MUNTINLUPA
"NCR,_FOURTH_DISTRICT",CITY_OF_PARAÑAQUE
"NCR,_FOURTH_DISTRICT",PASAY_CITY
"NCR,_FOURTH_DISTRICT",PATEROS
"NCR,_FOURTH_DISTRICT",TAGUIG_CITY
ABRA,BANGUED
ABRA,BOLINEY
ABRA,BUCAY
ABRA,BUCLOC
ABRA,DAGUIOMAN
ABRA,DANGLAS
ABRA,DOLORES
ABRA,LA_PAZ
ABRA,LACUB
ABRA,LAGANGILANG
ABRA,LAGAYAN
ABRA,LANGIDEN
ABRA,LICUAN_BAAY
ABRA,LUBA
ABRA,MALIBCONG
ABRA,MANABO
ABRA,PEÑARRUBIA
ABRA,PIDIGAN
ABRA,PILAR
ABRA,SALLAPADAN
ABRA,SAN_ISIDRO
ABRA,SAN_JUAN
ABRA,SAN_QUINTIN
ABRA,TAYUM
ABRA,TINEG
ABRA,TUBO
ABRA,VILLAVICIOSA
BENGUET,ATOK
BENGUET,BAGUIO_CITY
BENGUET,BAKUN
BENGUET,BOKOD
BENGUET,BUGUIAS
BENGUET,ITOGON
BENGUET,KABAYAN
BENGUET,KAPANGAN
BENGUET,KIBUNGAN
BENGUET,LA_TRINIDAD
BENGUET,MANKAYAN
BENGUET,SABLAN
BENGUET,TUBA
BENGUET,TUBLAY
IFUGAO,BANAUE
IFUGAO,HUNGDUAN
IFUGAO,KIANGAN
IFUGAO,LAGAWE
IFUGAO,LAMUT
IFUGAO,MAYOYAO
IFUGAO,ALFONSO_LISTA
IFUGAO,AGUINALDO
IFUGAO,HINGYON
IFUGAO,TINOC
IFUGAO,ASIPULO
KALINGA,BALBALAN
KALINGA,LUBUAGAN
KALINGA,PASIL
KALINGA,PINUKPUK
KALINGA,RIZAL
KALINGA,CITY_OF_TABUK
KALINGA,TANUDAN
KALINGA,TINGLAYAN
MOUNTAIN_PROVINCE,BARLIG
MOUNTAIN_PROVINCE,BAUKO
MOUNTAIN_PROVINCE,BESAO
MOUNTAIN_PROVINCE,BONTOC
MOUNTAIN_PROVINCE,NATONIN
MOUNTAIN_PROVINCE,PARACELIS
MOUNTAIN_PROVINCE,SABANGAN
MOUNTAIN_PROVINCE,SADANGA
MOUNTAIN_PROVINCE,SAGADA
MOUNTAIN_PROVINCE,TADIAN
APAYAO,CALANASAN
APAYAO,CONNER
APAYAO,FLORA
APAYAO,KABUGAO
APAYAO,LUNA
APAYAO,PUDTOL
APAYAO,SANTA_MARCELA
BASILAN,CITY_OF_LAMITAN
BASILAN,LANTAWAN
BASILAN,MALUSO
BASILAN,SUMISIP
BASILAN,TIPO_TIPO
BASILAN,TUBURAN
BASILAN,AKBAR
BASILAN,AL_BARKA
BASILAN,HADJI_MOHAMMAD_AJUL
BASILAN,UNGKAYA_PUKAN
BASILAN,HADJI_MUHTAMAD
BASILAN,TABUAN_LASA
LANAO_DEL_SUR,BACOLOD_KALAWI
LANAO_DEL_SUR,BALABAGAN
LANAO_DEL_SUR,BALINDONG
LANAO_DEL_SUR,BAYANG
LANAO_DEL_SUR,BINIDAYAN
LANAO_DEL_SUR,BUBONG
LANAO_DEL_SUR,BUTIG
LANAO_DEL_SUR,GANASSI
LANAO_DEL_SUR,KAPAI
LANAO_DEL_SUR,LUMBA_BAYABAO
LANAO_DEL_SUR,LUMBATAN
LANAO_DEL_SUR,MADALUM
LANAO_DEL_SUR,MADAMBA
LANAO_DEL_SUR,MALABANG
LANAO_DEL_SUR,MARANTAO
LANAO_DEL_SUR,MARAWI_CITY
LANAO_DEL_SUR,MASIU
LANAO_DEL_SUR,MULONDO
LANAO_DEL_SUR,PAGAYAWAN
LANAO_DEL_SUR,PIAGAPO
LANAO_DEL_SUR,POONA_BAYABAO
LANAO_DEL_SUR,PUALAS
LANAO_DEL_SUR,DITSAAN_RAMAIN
LANAO_DEL_SUR,SAGUIARAN
LANAO_DEL_SUR,TAMPARAN
LANAO_DEL_SUR,TARAKA
LANAO_DEL_SUR,TUBARAN
LANAO_DEL_SUR,TUGAYA
LANAO_DEL_SUR,WAO
LANAO_DEL_SUR,MAROGONG
LANAO_DEL_SUR,CALANOGAS
LANAO_DEL_SUR,BUADIPOSO_BUNTONG
LANAO_DEL_SUR,MAGUING
LANAO_DEL_SUR,PICONG
LANAO_DEL_SUR,LUMBAYANAGUE
LANAO_DEL_SUR,BUMBARAN
LANAO_DEL_SUR,TAGOLOAN_II
LANAO_DEL_SUR,KAPATAGAN
LANAO_DEL_SUR,SULTAN_DUMALONDONG
LANAO_DEL_SUR,LUMBACA_UNAYAN
MAGUINDANAO,AMPATUAN
MAGUINDANAO,BULDON
MAGUINDANAO,BULUAN
MAGUINDANAO,DATU_PAGLAS
MAGUINDANAO,DATU_PIANG
MAGUINDANAO,DATU_ODIN_SINSUAT
MAGUINDANAO,SHARIFF_AGUAK
MAGUINDANAO,MATANOG
MAGUINDANAO,PAGALUNGAN
MAGUINDANAO,PARANG
MAGUINDANAO,SULTAN_KUDARAT
MAGUINDANAO,SULTAN_SA_BARONGIS
MAGUINDANAO,KABUNTALAN
MAGUINDANAO,UPI
MAGUINDANAO,TALAYAN
MAGUINDANAO,SOUTH_UPI
MAGUINDANAO,BARIRA
MAGUINDANAO,GEN._S._K._PENDATUN
MAGUINDANAO,MAMASAPANO
MAGUINDANAO,TALITAY
MAGUINDANAO,PAGAGAWAN
MAGUINDANAO,PAGLAT
MAGUINDANAO,SULTAN_MASTURA
MAGUINDANAO,GUINDULUNGAN
MAGUINDANAO,DATU_SAUDI_AMPATUAN
MAGUINDANAO,DATU_UNSAY
MAGUINDANAO,DATU_ABDULLAH_SANGKI
MAGUINDANAO,RAJAH_BUAYAN
MAGUINDANAO,DATU_BLAH_T._SINSUAT
MAGUINDANAO,DATU_ANGGAL_MIDTIMBANG
MAGUINDANAO,MANGUDADATU
MAGUINDANAO,PANDAG
MAGUINDANAO,NORTHERN_KABUNTALAN
MAGUINDANAO,DATU_HOFFER_AMPATUAN
MAGUINDANAO,DATU_SALIBO
MAGUINDANAO,SHARIFF_SAYDONA_MUSTAPHA
SULU,INDANAN
SULU,JOLO
SULU,KALINGALAN_CALUANG
SULU,LUUK
SULU,MAIMBUNG
SULU,HADJI_PANGLIMA_TAHIL
SULU,OLD_PANAMAO
SULU,PANGUTARAN
SULU,PARANG
SULU,PATA
SULU,PATIKUL
SULU,SIASI
SULU,TALIPAO
SULU,TAPUL
SULU,TONGKIL
SULU,PANGLIMA_ESTINO
SULU,LUGUS
SULU,PANDAMI
SULU,OMAR
TAWI_TAWI,PANGLIMA_SUGALA
TAWI_TAWI,BONGAO
TAWI_TAWI,MAPUN
TAWI_TAWI,SIMUNUL
TAWI_TAWI,SITANGKAI
TAWI_TAWI,SOUTH_UBIAN
TAWI_TAWI,TANDUBAS
TAWI_TAWI,TURTLE_ISLANDS
TAWI_TAWI,LANGUYAN
TAWI_TAWI,SAPA_SAPA
TAWI_TAWI,SIBUTU
AGUSAN_DEL_NORTE,BUENAVISTA
AGUSAN_DEL_NORTE,BUTUAN_CITY
AGUSAN_DEL_NORTE,CABADBARAN
AGUSAN_DEL_NORTE,CARMEN
AGUSAN_DEL_NORTE,JABONGA
AGUSAN_DEL_NORTE,KITCHARAO
AGUSAN_DEL_NORTE,LAS_NIEVES
AGUSAN_DEL_NORTE,MAGALLANES
AGUSAN_DEL_NORTE,NASIPIT
AGUSAN_DEL_NORTE,SANTIAGO
AGUSAN_DEL_NORTE,TUBAY
AGUSAN_DEL_NORTE,REMEDIOS_T._ROMUALDEZ
AGUSAN_DEL_SUR,CITY_OF_BAYUGAN
AGUSAN_DEL_SUR,BUNAWAN
AGUSAN_DEL_SUR,ESPERANZA
AGUSAN_DEL_SUR,LA_PAZ
AGUSAN_DEL_SUR,LORETO
AGUSAN_DEL_SUR,PROSPERIDAD
AGUSAN_DEL_SUR,ROSARIO
AGUSAN_DEL_SUR,SAN_FRANCISCO
AGUSAN_DEL_SUR,SAN_LUIS
AGUSAN_DEL_SUR,SANTA_JOSEFA
AGUSAN_DEL_SUR,TALACOGON
AGUSAN_DEL_SUR,TRENTO
AGUSAN_DEL_SUR,VERUELA
AGUSAN_DEL_SUR,SIBAGAT
SURIGAO_DEL_NORTE,ALEGRIA
SURIGAO_DEL_NORTE,BACUAG
SURIGAO_DEL_NORTE,BURGOS
SURIGAO_DEL_NORTE,CLAVER
SURIGAO_DEL_NORTE,DAPA
SURIGAO_DEL_NORTE,DEL_CARMEN
SURIGAO_DEL_NORTE,GENERAL_LUNA
SURIGAO_DEL_NORTE,GIGAQUIT
SURIGAO_DEL_NORTE,MAINIT
SURIGAO_DEL_NORTE,MALIMONO
SURIGAO_DEL_NORTE,PILAR
SURIGAO_DEL_NORTE,PLACER
SURIGAO_DEL_NORTE,SAN_BENITO
SURIGAO_DEL_NORTE,SAN_FRANCISCO
SURIGAO_DEL_NORTE,SAN_ISIDRO
SURIGAO_DEL_NORTE,SANTA_MONICA
SURIGAO_DEL_NORTE,SISON
SURIGAO_DEL_NORTE,SOCORRO
SURIGAO_DEL_NORTE,SURIGAO_CITY
SURIGAO_DEL_NORTE,TAGANA_AN
SURIGAO_DEL_NORTE,TUBOD
SURIGAO_DEL_SUR,BAROBO
SURIGAO_DEL_SUR,BAYABAS
SURIGAO_DEL_SUR,CITY_OF_BISLIG
SURIGAO_DEL_SUR,CAGWAIT
SURIGAO_DEL_SUR,CANTILAN
SURIGAO_DEL_SUR,CARMEN
SURIGAO_DEL_SUR,CARRASCAL
SURIGAO_DEL_SUR,CORTES
SURIGAO_DEL_SUR,HINATUAN
SURIGAO_DEL_SUR,LANUZA
SURIGAO_DEL_SUR,LIANGA
SURIGAO_DEL_SUR,LINGIG
SURIGAO_DEL_SUR,MADRID
SURIGAO_DEL_SUR,MARIHATAG
SURIGAO_DEL_SUR,SAN_AGUSTIN
SURIGAO_DEL_SUR,SAN_MIGUEL
SURIGAO_DEL_SUR,TAGBINA
SURIGAO_DEL_SUR,TAGO
SURIGAO_DEL_SUR,CITY_OF_TANDAG
DINAGAT_ISLANDS,BASILISA
DINAGAT_ISLANDS,CAGDIANAO
DINAGAT_ISLANDS,DINAGAT
DINAGAT_ISLANDS,LIBJO
DINAGAT_ISLANDS,LORETO
DINAGAT_ISLANDS,SAN_JOSE
DINAGAT_ISLANDS,TUBAJON
MARINDUQUE,BOAC
MARINDUQUE,BUENAVISTA
MARINDUQUE,GASAN
MARINDUQUE,MOGPOG
MARINDUQUE,SANTA_CRUZ
MARINDUQUE,TORRIJOS
OCCIDENTAL_MINDORO,ABRA_DE_ILOG
OCCIDENTAL_MINDORO,CALINTAAN
OCCIDENTAL_MINDORO,LOOC
OCCIDENTAL_MINDORO,LUBANG
OCCIDENTAL_MINDORO,MAGSAYSAY
OCCIDENTAL_MINDORO,MAMBURAO
OCCIDENTAL_MINDORO,PALUAN
OCCIDENTAL_MINDORO,RIZAL
OCCIDENTAL_MINDORO,SABLAYAN
OCCIDENTAL_MINDORO,SAN_JOSE
OCCIDENTAL_MINDORO,SANTA_CRUZ
ORIENTAL_MINDORO,BACO
ORIENTAL_MINDORO,BANSUD
ORIENTAL_MINDORO,BONGABONG
ORIENTAL_MINDORO,BULALACAO
ORIENTAL_MINDORO,CITY_OF_CALAPAN
ORIENTAL_MINDORO,GLORIA
ORIENTAL_MINDORO,MANSALAY
ORIENTAL_MINDORO,NAUJAN
ORIENTAL_MINDORO,PINAMALAYAN
ORIENTAL_MINDORO,POLA
ORIENTAL_MINDORO,PUERTO_GALERA
ORIENTAL_MINDORO,ROXAS
ORIENTAL_MINDORO,SAN_TEODORO
ORIENTAL_MINDORO,SOCORRO
ORIENTAL_MINDORO,VICTORIA
PALAWAN,ABORLAN
PALAWAN,AGUTAYA
PALAWAN,ARACELI
PALAWAN,BALABAC
PALAWAN,BATARAZA
PALAWAN,BROOKE'S_POINT
PALAWAN,BUSUANGA
PALAWAN,CAGAYANCILLO
PALAWAN,CORON
PALAWAN,CUYO
PALAWAN,DUMARAN
PALAWAN,EL_NIDO
PALAWAN,LINAPACAN
PALAWAN,MAGSAYSAY
PALAWAN,NARRA
PALAWAN,PUERTO_PRINCESA_CITY
PALAWAN,QUEZON
PALAWAN,ROXAS
PALAWAN,SAN_VICENTE
PALAWAN,TAYTAY
PALAWAN,KALAYAAN
PALAWAN,CULION
PALAWAN,RIZAL
PALAWAN,SOFRONIO_ESPAÑOLA
ROMBLON,ALCANTARA
ROMBLON,BANTON
ROMBLON,CAJIDIOCAN
ROMBLON,CALATRAVA
ROMBLON,CONCEPCION
ROMBLON,CORCUERA
ROMBLON,LOOC
ROMBLON,MAGDIWANG
ROMBLON,ODIONGAN
ROMBLON,ROMBLON
ROMBLON,SAN_AGUSTIN
ROMBLON,SAN_ANDRES
ROMBLON,SAN_FERNANDO
ROMBLON,SAN_JOSE
ROMBLON,SANTA_FE
ROMBLON,FERROL
ROMBLON,SANTA_MARIA
